{
    "0": {
        "mean": 0.8823749013661805,
        "error": 0.00521307274955425
    },
    "1": {
        "mean": 0.8500054308298717,
        "error": 0.006491564588348761
    },
    "2": {
        "mean": 0.8403546025422329,
        "error": 0.006816460995318915
    },
    "3": {
        "mean": 0.8435113760048911,
        "error": 0.006670824355595295
    },
    "4": {
        "mean": 0.8443793105065689,
        "error": 0.006629029507076331
    },
    "5": {
        "mean": 0.8450121956583637,
        "error": 0.006617180252223976
    },
    "6": {
        "mean": 0.8540769423081037,
        "error": 0.00629661078594774
    },
    "7": {
        "mean": 0.8637961557247494,
        "error": 0.005941956010830804
    },
    "8": {
        "mean": 0.8737877135308797,
        "error": 0.0055353621584851315
    },
    "9": {
        "mean": 0.8822840735549629,
        "error": 0.005198936504116092
    },
    "10": {
        "mean": 0.8929692484788446,
        "error": 0.004766968236562429
    },
    "11": {
        "mean": 0.9044617847174873,
        "error": 0.004304898142673108
    },
    "12": {
        "mean": 0.9143431526035803,
        "error": 0.003878956573441114
    },
    "13": {
        "mean": 0.9225981034155126,
        "error": 0.0035335795483115513
    },
    "14": {
        "mean": 0.9260293984706504,
        "error": 0.003330542134154289
    },
    "15": {
        "mean": 0.929015387224671,
        "error": 0.0031482397392318755
    },
    "16": {
        "mean": 0.9254954845979977,
        "error": 0.003184218378063141
    },
    "17": {
        "mean": 0.9232535941622134,
        "error": 0.0032380323586442246
    },
    "18": {
        "mean": 0.923889922482322,
        "error": 0.0032108358901673495
    },
    "19": {
        "mean": 0.9219308266837059,
        "error": 0.003269186660603846
    },
    "20": {
        "mean": 0.9187253836284014,
        "error": 0.0033885744041442776
    },
    "21": {
        "mean": 0.9180525173943581,
        "error": 0.0034440272795963687
    },
    "22": {
        "mean": 0.9212167321035526,
        "error": 0.003328979195295248
    },
    "23": {
        "mean": 0.9261407750164903,
        "error": 0.0031405869970189603
    },
    "24": {
        "mean": 0.9238830152107298,
        "error": 0.003249832872203295
    },
    "25": {
        "mean": 0.923058336746506,
        "error": 0.003285140890849049
    },
    "26": {
        "mean": 0.9220165446967353,
        "error": 0.0033289546815909
    },
    "27": {
        "mean": 0.9270549086516335,
        "error": 0.0031376372818795874
    },
    "28": {
        "mean": 0.9272132111209084,
        "error": 0.0031307853792055117
    },
    "29": {
        "mean": 0.9302008878064636,
        "error": 0.003009027695193136
    },
    "30": {
        "mean": 0.9330581996664905,
        "error": 0.0028839723138515097
    },
    "31": {
        "mean": 0.9340021554922364,
        "error": 0.002846936841106059
    },
    "32": {
        "mean": 0.9369991187014569,
        "error": 0.002710498880560045
    },
    "33": {
        "mean": 0.939185341732614,
        "error": 0.002608547017904316
    },
    "34": {
        "mean": 0.9417490571803961,
        "error": 0.002473212289485589
    },
    "35": {
        "mean": 0.9438908130130512,
        "error": 0.0023836116567049984
    },
    "36": {
        "mean": 0.9441473078674385,
        "error": 0.0023522857726270083
    },
    "37": {
        "mean": 0.9467625379295691,
        "error": 0.00222944460280262
    },
    "38": {
        "mean": 0.948281967133217,
        "error": 0.002128890543847455
    },
    "39": {
        "mean": 0.9523709631072862,
        "error": 0.0019466012795652382
    },
    "40": {
        "mean": 0.9556776551858958,
        "error": 0.0017986559740452595
    },
    "41": {
        "mean": 0.9590931771452261,
        "error": 0.001644578267788635
    },
    "42": {
        "mean": 0.9636869835240196,
        "error": 0.0014472961701904744
    },
    "43": {
        "mean": 0.9679308420326352,
        "error": 0.0012588375513664693
    },
    "44": {
        "mean": 0.9699558485674378,
        "error": 0.0011631873168348422
    },
    "45": {
        "mean": 0.9730468039011262,
        "error": 0.000945704740908814
    },
    "46": {
        "mean": 0.9723605835597787,
        "error": 0.0009545346990944964
    },
    "47": {
        "mean": 0.9830256347821597,
        "error": 0.0005327747078088914
    }
}