{
    "0": {
        "mean": 0.6787660052044404,
        "error": 0.004637898308842196
    },
    "1": {
        "mean": 0.6542195978868811,
        "error": 0.005263844847426395
    },
    "2": {
        "mean": 0.6327219643792547,
        "error": 0.005500494113034144
    },
    "3": {
        "mean": 0.6015574123343655,
        "error": 0.005235304848195237
    },
    "4": {
        "mean": 0.6034056831260625,
        "error": 0.00514273426823742
    },
    "5": {
        "mean": 0.6129070538544902,
        "error": 0.005083173966806761
    },
    "6": {
        "mean": 0.6323918540912177,
        "error": 0.004903233415810665
    },
    "7": {
        "mean": 0.6487044071672494,
        "error": 0.004731097701157475
    },
    "8": {
        "mean": 0.6646081815008879,
        "error": 0.004533973300967538
    },
    "9": {
        "mean": 0.680002918759673,
        "error": 0.004379322096027911
    },
    "10": {
        "mean": 0.6923227037507429,
        "error": 0.0041569058885244006
    },
    "11": {
        "mean": 0.7062702084246489,
        "error": 0.003909870833490419
    },
    "12": {
        "mean": 0.7180333754404838,
        "error": 0.0036872787914657805
    },
    "13": {
        "mean": 0.7327045143834462,
        "error": 0.003474670006472333
    },
    "14": {
        "mean": 0.7421034787474313,
        "error": 0.0033225564716590577
    },
    "15": {
        "mean": 0.7439461107750219,
        "error": 0.0031476471276230176
    },
    "16": {
        "mean": 0.7288012920471877,
        "error": 0.003106385341329577
    },
    "17": {
        "mean": 0.720286038667221,
        "error": 0.0030736354194705576
    },
    "18": {
        "mean": 0.7175459907436824,
        "error": 0.003036514051642907
    },
    "19": {
        "mean": 0.712409452067138,
        "error": 0.003006647456974973
    },
    "20": {
        "mean": 0.7038739730760017,
        "error": 0.0030231116983769845
    },
    "21": {
        "mean": 0.7028300423490362,
        "error": 0.003014758746747938
    },
    "22": {
        "mean": 0.7100805704432036,
        "error": 0.0029625459324018302
    },
    "23": {
        "mean": 0.7174459629159723,
        "error": 0.0029136573481862303
    },
    "24": {
        "mean": 0.7121290328923696,
        "error": 0.0029472530529200745
    },
    "25": {
        "mean": 0.7102870128289611,
        "error": 0.0029782119879412355
    },
    "26": {
        "mean": 0.70370826507325,
        "error": 0.0030103039667528156
    },
    "27": {
        "mean": 0.7158361240346403,
        "error": 0.002964462176623321
    },
    "28": {
        "mean": 0.7131861041401334,
        "error": 0.002979683966027312
    },
    "29": {
        "mean": 0.7179188019690942,
        "error": 0.0029291996388609476
    },
    "30": {
        "mean": 0.7261884074034056,
        "error": 0.0028634724906514363
    },
    "31": {
        "mean": 0.7276263295162939,
        "error": 0.002849573031141029
    },
    "32": {
        "mean": 0.7320224747756602,
        "error": 0.002836900938998783
    },
    "33": {
        "mean": 0.7327167286902717,
        "error": 0.0028315111272941952
    },
    "34": {
        "mean": 0.7399996351675872,
        "error": 0.002756614107439574
    },
    "35": {
        "mean": 0.7407697341525493,
        "error": 0.0027634370304413657
    },
    "36": {
        "mean": 0.7340925767219952,
        "error": 0.0027897114181003216
    },
    "37": {
        "mean": 0.739590390242752,
        "error": 0.0027611167851876056
    },
    "38": {
        "mean": 0.7412120100361695,
        "error": 0.002734044578235143
    },
    "39": {
        "mean": 0.748425470488162,
        "error": 0.0027027439209844515
    },
    "40": {
        "mean": 0.7444633495751029,
        "error": 0.0027669150197483223
    },
    "41": {
        "mean": 0.7425014150420619,
        "error": 0.0028105735953316067
    },
    "42": {
        "mean": 0.7297774731263595,
        "error": 0.002953235851997765
    },
    "43": {
        "mean": 0.7025399967539084,
        "error": 0.0031002948912019503
    },
    "44": {
        "mean": 0.655805383437347,
        "error": 0.003330673299796908
    },
    "45": {
        "mean": 0.6293739804898313,
        "error": 0.0033229666023676797
    },
    "46": {
        "mean": 0.5822774972477107,
        "error": 0.00323265800576002
    },
    "47": {
        "mean": 0.6437407701770053,
        "error": 0.0029960025570880417
    }
}