{
    "0": {
        "mean": 0.8781386438520801,
        "error": 0.0036093481431383073
    },
    "1": {
        "mean": 0.8459159353655428,
        "error": 0.004405786260490397
    },
    "2": {
        "mean": 0.8369950521948064,
        "error": 0.004619027889934127
    },
    "3": {
        "mean": 0.8392077335218344,
        "error": 0.00454443276876625
    },
    "4": {
        "mean": 0.8394314342540764,
        "error": 0.004552574595946742
    },
    "5": {
        "mean": 0.8398426799309764,
        "error": 0.0045518858845044335
    },
    "6": {
        "mean": 0.8463328719666833,
        "error": 0.004391229737699551
    },
    "7": {
        "mean": 0.8554693321054696,
        "error": 0.004173639950576158
    },
    "8": {
        "mean": 0.8655350184827618,
        "error": 0.0039061859230434437
    },
    "9": {
        "mean": 0.8731143157058787,
        "error": 0.003698324571447726
    },
    "10": {
        "mean": 0.8828362566581572,
        "error": 0.0034305887507935094
    },
    "11": {
        "mean": 0.8929636716490829,
        "error": 0.0031485933949080606
    },
    "12": {
        "mean": 0.9019760654820519,
        "error": 0.002895536134416589
    },
    "13": {
        "mean": 0.9102107575827494,
        "error": 0.0026575815566169717
    },
    "14": {
        "mean": 0.913868939823783,
        "error": 0.0025335054313875885
    },
    "15": {
        "mean": 0.9182427035020715,
        "error": 0.0023938985990784303
    },
    "16": {
        "mean": 0.9167032981821897,
        "error": 0.00239298588382828
    },
    "17": {
        "mean": 0.9164857131122546,
        "error": 0.0023951380901285338
    },
    "18": {
        "mean": 0.9179449056206932,
        "error": 0.0023595235463129373
    },
    "19": {
        "mean": 0.9175810047223306,
        "error": 0.002368900694355516
    },
    "20": {
        "mean": 0.9161194125772167,
        "error": 0.0024109672487607056
    },
    "21": {
        "mean": 0.9173318117461179,
        "error": 0.002401094002588725
    },
    "22": {
        "mean": 0.9217933265375962,
        "error": 0.00229251985623609
    },
    "23": {
        "mean": 0.9270861742828377,
        "error": 0.0021619439984638606
    },
    "24": {
        "mean": 0.9262416316732303,
        "error": 0.002210152357678535
    },
    "25": {
        "mean": 0.9263693417050952,
        "error": 0.002208639391524895
    },
    "26": {
        "mean": 0.9262652179318815,
        "error": 0.002216853691390623
    },
    "27": {
        "mean": 0.9308671562236573,
        "error": 0.0020906696275221287
    },
    "28": {
        "mean": 0.9311131485213333,
        "error": 0.0020869549579809604
    },
    "29": {
        "mean": 0.9343146524051699,
        "error": 0.001992956128429268
    },
    "30": {
        "mean": 0.9373952107246557,
        "error": 0.0019020182177870168
    },
    "31": {
        "mean": 0.9384325538371152,
        "error": 0.0018727913400823813
    },
    "32": {
        "mean": 0.9411133952874945,
        "error": 0.0017878657069311937
    },
    "33": {
        "mean": 0.9429091171155818,
        "error": 0.0017277221310018462
    },
    "34": {
        "mean": 0.9452337411548841,
        "error": 0.0016377991078719832
    },
    "35": {
        "mean": 0.947243652024764,
        "error": 0.001578152761116188
    },
    "36": {
        "mean": 0.9475683943133488,
        "error": 0.0015568787031570671
    },
    "37": {
        "mean": 0.9495235877968206,
        "error": 0.0014863019591262112
    },
    "38": {
        "mean": 0.9507312994840634,
        "error": 0.001422253804893583
    },
    "39": {
        "mean": 0.9538408278011654,
        "error": 0.0013156019695907612
    },
    "40": {
        "mean": 0.9562819641151278,
        "error": 0.0012358413931910183
    },
    "41": {
        "mean": 0.9594540248583293,
        "error": 0.0011343893400334194
    },
    "42": {
        "mean": 0.9636546767115651,
        "error": 0.0010097590905819946
    },
    "43": {
        "mean": 0.9680483275543453,
        "error": 0.0008833874882496913
    },
    "44": {
        "mean": 0.9696042552934864,
        "error": 0.0008402383514181653
    },
    "45": {
        "mean": 0.9745148369026372,
        "error": 0.0006888498835362541
    },
    "46": {
        "mean": 0.9747670324225175,
        "error": 0.0006714549728901435
    },
    "47": {
        "mean": 0.985026994539609,
        "error": 0.00036291953786571433
    }
}