{
    "0": {
        "mean": 0.709355382664051,
        "error": 0.00781360844566878
    },
    "1": {
        "mean": 0.629982175811237,
        "error": 0.00956349548370832
    },
    "2": {
        "mean": 0.6070667888155047,
        "error": 0.009957494442685332
    },
    "3": {
        "mean": 0.6179379498458593,
        "error": 0.009684037752953031
    },
    "4": {
        "mean": 0.6214357865830394,
        "error": 0.009697835883080881
    },
    "5": {
        "mean": 0.6220715861709966,
        "error": 0.009697039115110979
    },
    "6": {
        "mean": 0.6422785333055534,
        "error": 0.009308586996091687
    },
    "7": {
        "mean": 0.6722659342336339,
        "error": 0.008739492760744708
    },
    "8": {
        "mean": 0.7001897453209159,
        "error": 0.008069156111638987
    },
    "9": {
        "mean": 0.718591499999659,
        "error": 0.007611603000084651
    },
    "10": {
        "mean": 0.7426094924640445,
        "error": 0.006995161819986872
    },
    "11": {
        "mean": 0.7698755252440244,
        "error": 0.006374196752949012
    },
    "12": {
        "mean": 0.7948796408329052,
        "error": 0.005743909110430421
    },
    "13": {
        "mean": 0.8142856577900598,
        "error": 0.005316047193928079
    },
    "14": {
        "mean": 0.8222713696772426,
        "error": 0.005131157203427314
    },
    "15": {
        "mean": 0.8301682064338499,
        "error": 0.004942627084272058
    },
    "16": {
        "mean": 0.8226013055963495,
        "error": 0.0050088631496759154
    },
    "17": {
        "mean": 0.8193477405354413,
        "error": 0.005034824349759731
    },
    "18": {
        "mean": 0.819315800866807,
        "error": 0.005057838866330793
    },
    "19": {
        "mean": 0.8160643663101113,
        "error": 0.005122371561145362
    },
    "20": {
        "mean": 0.8070327131690306,
        "error": 0.005288636285127772
    },
    "21": {
        "mean": 0.8052807121350539,
        "error": 0.005332180142167964
    },
    "22": {
        "mean": 0.8122275265110512,
        "error": 0.005207020796306986
    },
    "23": {
        "mean": 0.8216056129000834,
        "error": 0.005008961871257666
    },
    "24": {
        "mean": 0.8164790797707261,
        "error": 0.005115470354967153
    },
    "25": {
        "mean": 0.8141893444471802,
        "error": 0.005118817277235029
    },
    "26": {
        "mean": 0.8104163755644236,
        "error": 0.005173795073143467
    },
    "27": {
        "mean": 0.822258573231055,
        "error": 0.0049049798481388095
    },
    "28": {
        "mean": 0.8228172332245782,
        "error": 0.00489931731523488
    },
    "29": {
        "mean": 0.8287833039597433,
        "error": 0.0047508475824240715
    },
    "30": {
        "mean": 0.8355422960738209,
        "error": 0.004563482511999635
    },
    "31": {
        "mean": 0.8362181724828337,
        "error": 0.004538638203837674
    },
    "32": {
        "mean": 0.8431371307004629,
        "error": 0.004355017218333893
    },
    "33": {
        "mean": 0.8465901794812537,
        "error": 0.004235280187751281
    },
    "34": {
        "mean": 0.8514614453905203,
        "error": 0.004055440384744532
    },
    "35": {
        "mean": 0.8551301519339185,
        "error": 0.003946075383546048
    },
    "36": {
        "mean": 0.8543649606620503,
        "error": 0.003907791233844512
    },
    "37": {
        "mean": 0.86037506422986,
        "error": 0.0037228558853142388
    },
    "38": {
        "mean": 0.8627037804647787,
        "error": 0.0035919400206818695
    },
    "39": {
        "mean": 0.8705737651315483,
        "error": 0.003377504749532895
    },
    "40": {
        "mean": 0.8775690759780918,
        "error": 0.003194300015195753
    },
    "41": {
        "mean": 0.8851482335305372,
        "error": 0.0029570814802031
    },
    "42": {
        "mean": 0.8929256582365394,
        "error": 0.0027406773914944362
    },
    "43": {
        "mean": 0.9013483391429151,
        "error": 0.0024756657451319073
    },
    "44": {
        "mean": 0.8975063222923026,
        "error": 0.0026314752321351447
    },
    "45": {
        "mean": 0.9006229648263776,
        "error": 0.0024202381257958736
    },
    "46": {
        "mean": 0.8998299892375011,
        "error": 0.0023697718305057775
    },
    "47": {
        "mean": 0.9340610190995745,
        "error": 0.0013772198200659002
    }
}