{
    "0": {
        "mean": 0.7427651792937217,
        "error": 0.004611137599390192
    },
    "1": {
        "mean": 0.6696194913192067,
        "error": 0.005627339447548941
    },
    "2": {
        "mean": 0.6468313030214523,
        "error": 0.005890626523919696
    },
    "3": {
        "mean": 0.6547245199617223,
        "error": 0.005754982727411771
    },
    "4": {
        "mean": 0.6556005020887029,
        "error": 0.005749134974274265
    },
    "5": {
        "mean": 0.6549416069801037,
        "error": 0.005760581672539051
    },
    "6": {
        "mean": 0.6743400789076283,
        "error": 0.005497436138995685
    },
    "7": {
        "mean": 0.6977847394517278,
        "error": 0.005170954662339413
    },
    "8": {
        "mean": 0.7238256915282177,
        "error": 0.0047919824047775225
    },
    "9": {
        "mean": 0.7416441219714774,
        "error": 0.004529438758594648
    },
    "10": {
        "mean": 0.7646226200611755,
        "error": 0.0041865045078112555
    },
    "11": {
        "mean": 0.7908653092344897,
        "error": 0.0038269723798931166
    },
    "12": {
        "mean": 0.8122163745270375,
        "error": 0.00350118179450685
    },
    "13": {
        "mean": 0.829135858835121,
        "error": 0.0032219203585387257
    },
    "14": {
        "mean": 0.8341861202561037,
        "error": 0.0030791313337781056
    },
    "15": {
        "mean": 0.8390874877954141,
        "error": 0.002957592869577294
    },
    "16": {
        "mean": 0.8268610343546587,
        "error": 0.003063823596178963
    },
    "17": {
        "mean": 0.8197502866079237,
        "error": 0.0031884365541829684
    },
    "18": {
        "mean": 0.8187560311913786,
        "error": 0.0032359673252151284
    },
    "19": {
        "mean": 0.8113043073586337,
        "error": 0.0033632532251578616
    },
    "20": {
        "mean": 0.8019526730991771,
        "error": 0.0035136069485086556
    },
    "21": {
        "mean": 0.7982822140945296,
        "error": 0.003625356276338961
    },
    "22": {
        "mean": 0.8058563659169439,
        "error": 0.003571581751519253
    },
    "23": {
        "mean": 0.8161027041025848,
        "error": 0.0034649542769450447
    },
    "24": {
        "mean": 0.8090971702874643,
        "error": 0.0035983807815850944
    },
    "25": {
        "mean": 0.8067161366405124,
        "error": 0.003627437254557242
    },
    "26": {
        "mean": 0.8041209403003318,
        "error": 0.0036489396910684155
    },
    "27": {
        "mean": 0.8170233313656721,
        "error": 0.003481615242935025
    },
    "28": {
        "mean": 0.8179466797360908,
        "error": 0.0034694721233232825
    },
    "29": {
        "mean": 0.8255072898663599,
        "error": 0.003347873487378325
    },
    "30": {
        "mean": 0.833494821001026,
        "error": 0.0032135329664550747
    },
    "31": {
        "mean": 0.8362489198238224,
        "error": 0.003168019411622044
    },
    "32": {
        "mean": 0.8433470486904393,
        "error": 0.0030450780948124913
    },
    "33": {
        "mean": 0.8477628348877452,
        "error": 0.0029469013491674255
    },
    "34": {
        "mean": 0.8543423651860114,
        "error": 0.0027937849614392174
    },
    "35": {
        "mean": 0.8592879880154991,
        "error": 0.002697391523348895
    },
    "36": {
        "mean": 0.8605539039997546,
        "error": 0.0026359845677982976
    },
    "37": {
        "mean": 0.8668519387667193,
        "error": 0.0025116284616742055
    },
    "38": {
        "mean": 0.8696862708644694,
        "error": 0.002384077873206886
    },
    "39": {
        "mean": 0.8795914656372481,
        "error": 0.002195173246960739
    },
    "40": {
        "mean": 0.8887859968433112,
        "error": 0.0020192213266149
    },
    "41": {
        "mean": 0.8976077778562226,
        "error": 0.0018303896201377335
    },
    "42": {
        "mean": 0.9097907632909795,
        "error": 0.0015873028966432179
    },
    "43": {
        "mean": 0.9190259824812758,
        "error": 0.001389138647597812
    },
    "44": {
        "mean": 0.9205185487508971,
        "error": 0.0013585322106964596
    },
    "45": {
        "mean": 0.9288931621116878,
        "error": 0.0011015493292490066
    },
    "46": {
        "mean": 0.9253700258714094,
        "error": 0.0011447107718255485
    },
    "47": {
        "mean": 0.9545571565923856,
        "error": 0.0006116970961463755
    }
}